employee_id,username,password
98192,98192@capstone.com,98192
89170,89170@capstone.com,89170
21049,21049@capstone.com,21049
91570,91570@capstone.com,91570
31014,31014@capstone.com,31014
22634,22634@capstone.com,22634
66235,66235@capstone.com,66235
62451,62451@capstone.com,62451
66382,66382@capstone.com,66382
50056,50056@capstone.com,50056
30196,30196@capstone.com,30196
12870,12870@capstone.com,12870
43106,43106@capstone.com,43106
42611,42611@capstone.com,42611
40982,40982@capstone.com,40982
61258,61258@capstone.com,61258
96914,96914@capstone.com,96914
12118,12118@capstone.com,12118
36401,36401@capstone.com,36401
53703,53703@capstone.com,53703
17943,17943@capstone.com,17943
73505,73505@capstone.com,73505
39461,39461@capstone.com,39461
77257,77257@capstone.com,77257
61772,61772@capstone.com,61772
36538,36538@capstone.com,36538
90216,90216@capstone.com,90216
86103,86103@capstone.com,86103
98923,98923@capstone.com,98923
12804,12804@capstone.com,12804
88222,88222@capstone.com,88222
59541,59541@capstone.com,59541
15752,15752@capstone.com,15752
99838,99838@capstone.com,99838
21080,21080@capstone.com,21080
29704,29704@capstone.com,29704
66564,66564@capstone.com,66564
42604,42604@capstone.com,42604
58466,58466@capstone.com,58466
55954,55954@capstone.com,55954
78922,78922@capstone.com,78922
11325,11325@capstone.com,11325
15599,15599@capstone.com,15599
78509,78509@capstone.com,78509
73031,73031@capstone.com,73031
26162,26162@capstone.com,26162
61175,61175@capstone.com,61175
14030,14030@capstone.com,14030
11335,11335@capstone.com,11335
12325,12325@capstone.com,12325
49847,49847@capstone.com,49847
81416,81416@capstone.com,81416
38603,38603@capstone.com,38603
59522,59522@capstone.com,59522
64654,64654@capstone.com,64654
23215,23215@capstone.com,23215
23076,23076@capstone.com,23076
26360,26360@capstone.com,26360
21937,21937@capstone.com,21937
62672,62672@capstone.com,62672
76189,76189@capstone.com,76189
64580,64580@capstone.com,64580
95870,95870@capstone.com,95870
55048,55048@capstone.com,55048
59906,59906@capstone.com,59906
54767,54767@capstone.com,54767
96051,96051@capstone.com,96051
69751,69751@capstone.com,69751
65047,65047@capstone.com,65047
66609,66609@capstone.com,66609
27429,27429@capstone.com,27429
61653,61653@capstone.com,61653
67419,67419@capstone.com,67419
75081,75081@capstone.com,75081
16837,16837@capstone.com,16837
30268,30268@capstone.com,30268
46670,46670@capstone.com,46670
13406,13406@capstone.com,13406
39389,39389@capstone.com,39389
41711,41711@capstone.com,41711
74827,74827@capstone.com,74827
34286,34286@capstone.com,34286
73529,73529@capstone.com,73529
98132,98132@capstone.com,98132
31028,31028@capstone.com,31028
26434,26434@capstone.com,26434
99361,99361@capstone.com,99361
54213,54213@capstone.com,54213
76917,76917@capstone.com,76917
35065,35065@capstone.com,35065
35548,35548@capstone.com,35548
26102,26102@capstone.com,26102
29074,29074@capstone.com,29074
54240,54240@capstone.com,54240
68626,68626@capstone.com,68626
58569,58569@capstone.com,58569
33821,33821@capstone.com,33821
59119,59119@capstone.com,59119
81527,81527@capstone.com,81527
18804,18804@capstone.com,18804
81677,81677@capstone.com,81677
95233,95233@capstone.com,95233
66395,66395@capstone.com,66395
18893,18893@capstone.com,18893
22364,22364@capstone.com,22364
22112,22112@capstone.com,22112
88606,88606@capstone.com,88606
99539,99539@capstone.com,99539
49941,49941@capstone.com,49941
68254,68254@capstone.com,68254
72933,72933@capstone.com,72933
28655,28655@capstone.com,28655
88071,88071@capstone.com,88071
41622,41622@capstone.com,41622
88220,88220@capstone.com,88220
71198,71198@capstone.com,71198
38995,38995@capstone.com,38995
17570,17570@capstone.com,17570
97218,97218@capstone.com,97218
29278,29278@capstone.com,29278
51784,51784@capstone.com,51784
89489,89489@capstone.com,89489
62353,62353@capstone.com,62353
97579,97579@capstone.com,97579
25440,25440@capstone.com,25440
14262,14262@capstone.com,14262
66954,66954@capstone.com,66954
35737,35737@capstone.com,35737
28596,28596@capstone.com,28596
55864,55864@capstone.com,55864
53818,53818@capstone.com,53818
12801,12801@capstone.com,12801
17452,17452@capstone.com,17452
71238,71238@capstone.com,71238
18653,18653@capstone.com,18653
35384,35384@capstone.com,35384
89649,89649@capstone.com,89649
94691,94691@capstone.com,94691
82245,82245@capstone.com,82245
81754,81754@capstone.com,81754
94394,94394@capstone.com,94394
41140,41140@capstone.com,41140
95055,95055@capstone.com,95055
41411,41411@capstone.com,41411
45810,45810@capstone.com,45810
71888,71888@capstone.com,71888
55433,55433@capstone.com,55433
87322,87322@capstone.com,87322
88368,88368@capstone.com,88368
96933,96933@capstone.com,96933
96792,96792@capstone.com,96792
38564,38564@capstone.com,38564
22423,22423@capstone.com,22423
78489,78489@capstone.com,78489
42012,42012@capstone.com,42012
81619,81619@capstone.com,81619
74649,74649@capstone.com,74649
80805,80805@capstone.com,80805
96410,96410@capstone.com,96410
79105,79105@capstone.com,79105
17475,17475@capstone.com,17475
11168,11168@capstone.com,11168
84260,84260@capstone.com,84260
57396,57396@capstone.com,57396
76309,76309@capstone.com,76309
21328,21328@capstone.com,21328
66268,66268@capstone.com,66268
22970,22970@capstone.com,22970
99260,99260@capstone.com,99260
44999,44999@capstone.com,44999
71966,71966@capstone.com,71966
68239,68239@capstone.com,68239
68172,68172@capstone.com,68172
53019,53019@capstone.com,53019
11813,11813@capstone.com,11813
64181,64181@capstone.com,64181
12682,12682@capstone.com,12682
18552,18552@capstone.com,18552
49177,49177@capstone.com,49177
38588,38588@capstone.com,38588
69338,69338@capstone.com,69338
16128,16128@capstone.com,16128
36451,36451@capstone.com,36451
37930,37930@capstone.com,37930
36477,36477@capstone.com,36477
14878,14878@capstone.com,14878
84244,84244@capstone.com,84244
30109,30109@capstone.com,30109
88702,88702@capstone.com,88702
77824,77824@capstone.com,77824
74145,74145@capstone.com,74145
69786,69786@capstone.com,69786
48387,48387@capstone.com,48387
23749,23749@capstone.com,23749
20455,20455@capstone.com,20455
34769,34769@capstone.com,34769
96281,96281@capstone.com,96281
13734,13734@capstone.com,13734
51380,51380@capstone.com,51380
43499,43499@capstone.com,43499
38440,38440@capstone.com,38440
37634,37634@capstone.com,37634
46922,46922@capstone.com,46922
40607,40607@capstone.com,40607
73116,73116@capstone.com,73116
91011,91011@capstone.com,91011
39033,39033@capstone.com,39033
15609,15609@capstone.com,15609
85665,85665@capstone.com,85665
87513,87513@capstone.com,87513
35131,35131@capstone.com,35131
24023,24023@capstone.com,24023
19107,19107@capstone.com,19107
85906,85906@capstone.com,85906
57655,57655@capstone.com,57655
63363,63363@capstone.com,63363
14532,14532@capstone.com,14532
55200,55200@capstone.com,55200
65532,65532@capstone.com,65532
10297,10297@capstone.com,10297
15015,15015@capstone.com,15015
22343,22343@capstone.com,22343
27679,27679@capstone.com,27679
20343,20343@capstone.com,20343
84676,84676@capstone.com,84676
64771,64771@capstone.com,64771
89436,89436@capstone.com,89436
51081,51081@capstone.com,51081
18517,18517@capstone.com,18517
27277,27277@capstone.com,27277
52062,52062@capstone.com,52062
87632,87632@capstone.com,87632
86883,86883@capstone.com,86883
12346,12346@capstone.com,12346
64968,64968@capstone.com,64968
69134,69134@capstone.com,69134
27580,27580@capstone.com,27580
73444,73444@capstone.com,73444
46383,46383@capstone.com,46383
88673,88673@capstone.com,88673
47976,47976@capstone.com,47976
37080,37080@capstone.com,37080
74581,74581@capstone.com,74581
79952,79952@capstone.com,79952
85457,85457@capstone.com,85457
12645,12645@capstone.com,12645
69398,69398@capstone.com,69398
64975,64975@capstone.com,64975
66976,66976@capstone.com,66976
99995,99995@capstone.com,99995
72923,72923@capstone.com,72923
44744,44744@capstone.com,44744
91727,91727@capstone.com,91727
71783,71783@capstone.com,71783
31823,31823@capstone.com,31823
26580,26580@capstone.com,26580
79114,79114@capstone.com,79114
88991,88991@capstone.com,88991
89645,89645@capstone.com,89645
24548,24548@capstone.com,24548
81793,81793@capstone.com,81793
46168,46168@capstone.com,46168
70008,70008@capstone.com,70008
93363,93363@capstone.com,93363
79792,79792@capstone.com,79792
18217,18217@capstone.com,18217
46407,46407@capstone.com,46407
90013,90013@capstone.com,90013
99641,99641@capstone.com,99641
67379,67379@capstone.com,67379
65807,65807@capstone.com,65807
71060,71060@capstone.com,71060
12850,12850@capstone.com,12850
87372,87372@capstone.com,87372
78747,78747@capstone.com,78747
58974,58974@capstone.com,58974
46786,46786@capstone.com,46786
92593,92593@capstone.com,92593
46512,46512@capstone.com,46512
52982,52982@capstone.com,52982
78044,78044@capstone.com,78044
38524,38524@capstone.com,38524
58285,58285@capstone.com,58285
60929,60929@capstone.com,60929
37560,37560@capstone.com,37560
95109,95109@capstone.com,95109
33786,33786@capstone.com,33786
97545,97545@capstone.com,97545
80206,80206@capstone.com,80206
46607,46607@capstone.com,46607
99602,99602@capstone.com,99602
33048,33048@capstone.com,33048
40496,40496@capstone.com,40496
96690,96690@capstone.com,96690
28521,28521@capstone.com,28521
38976,38976@capstone.com,38976
43523,43523@capstone.com,43523
19174,19174@capstone.com,19174
57075,57075@capstone.com,57075
70848,70848@capstone.com,70848
50908,50908@capstone.com,50908
43416,43416@capstone.com,43416
93900,93900@capstone.com,93900
76017,76017@capstone.com,76017
89677,89677@capstone.com,89677
40540,40540@capstone.com,40540
31171,31171@capstone.com,31171
83972,83972@capstone.com,83972
64659,64659@capstone.com,64659
23837,23837@capstone.com,23837
96907,96907@capstone.com,96907
99804,99804@capstone.com,99804
35826,35826@capstone.com,35826
16550,16550@capstone.com,16550
69417,69417@capstone.com,69417
62223,62223@capstone.com,62223
80772,80772@capstone.com,80772
68968,68968@capstone.com,68968
13637,13637@capstone.com,13637
71628,71628@capstone.com,71628
63145,63145@capstone.com,63145
31020,31020@capstone.com,31020
29765,29765@capstone.com,29765
54440,54440@capstone.com,54440
62504,62504@capstone.com,62504
49433,49433@capstone.com,49433
54672,54672@capstone.com,54672
56044,56044@capstone.com,56044
98763,98763@capstone.com,98763
87048,87048@capstone.com,87048
62730,62730@capstone.com,62730
26318,26318@capstone.com,26318
18757,18757@capstone.com,18757
84349,84349@capstone.com,84349
36069,36069@capstone.com,36069
36010,36010@capstone.com,36010
23296,23296@capstone.com,23296
90767,90767@capstone.com,90767
53220,53220@capstone.com,53220
69271,69271@capstone.com,69271
85165,85165@capstone.com,85165
90373,90373@capstone.com,90373
35658,35658@capstone.com,35658
77975,77975@capstone.com,77975
19401,19401@capstone.com,19401
69186,69186@capstone.com,69186
58720,58720@capstone.com,58720
20390,20390@capstone.com,20390
49112,49112@capstone.com,49112
81704,81704@capstone.com,81704
47266,47266@capstone.com,47266
40491,40491@capstone.com,40491
69539,69539@capstone.com,69539
54460,54460@capstone.com,54460
68510,68510@capstone.com,68510
57301,57301@capstone.com,57301
66361,66361@capstone.com,66361
45417,45417@capstone.com,45417
92233,92233@capstone.com,92233
65086,65086@capstone.com,65086
45997,45997@capstone.com,45997
91069,91069@capstone.com,91069
36981,36981@capstone.com,36981
66643,66643@capstone.com,66643
84443,84443@capstone.com,84443
23520,23520@capstone.com,23520
11579,11579@capstone.com,11579
71831,71831@capstone.com,71831
66697,66697@capstone.com,66697
78460,78460@capstone.com,78460
43376,43376@capstone.com,43376
62649,62649@capstone.com,62649
75702,75702@capstone.com,75702
76865,76865@capstone.com,76865
66854,66854@capstone.com,66854
75128,75128@capstone.com,75128
16712,16712@capstone.com,16712
17934,17934@capstone.com,17934
98335,98335@capstone.com,98335
13527,13527@capstone.com,13527
38701,38701@capstone.com,38701
25373,25373@capstone.com,25373
25288,25288@capstone.com,25288
44600,44600@capstone.com,44600
38379,38379@capstone.com,38379
61540,61540@capstone.com,61540
26527,26527@capstone.com,26527
53592,53592@capstone.com,53592
64319,64319@capstone.com,64319
55919,55919@capstone.com,55919
70850,70850@capstone.com,70850
26713,26713@capstone.com,26713
75470,75470@capstone.com,75470
26083,26083@capstone.com,26083
95237,95237@capstone.com,95237
46832,46832@capstone.com,46832
75876,75876@capstone.com,75876
25755,25755@capstone.com,25755
22810,22810@capstone.com,22810
77631,77631@capstone.com,77631
53005,53005@capstone.com,53005
32505,32505@capstone.com,32505
72562,72562@capstone.com,72562
60166,60166@capstone.com,60166
34901,34901@capstone.com,34901
34041,34041@capstone.com,34041
46146,46146@capstone.com,46146
13134,13134@capstone.com,13134
79017,79017@capstone.com,79017
34329,34329@capstone.com,34329
27202,27202@capstone.com,27202
39832,39832@capstone.com,39832
50566,50566@capstone.com,50566
21934,21934@capstone.com,21934
54286,54286@capstone.com,54286
29681,29681@capstone.com,29681
84905,84905@capstone.com,84905
43352,43352@capstone.com,43352
83841,83841@capstone.com,83841
72693,72693@capstone.com,72693
83622,83622@capstone.com,83622
19945,19945@capstone.com,19945
92628,92628@capstone.com,92628
98847,98847@capstone.com,98847
85845,85845@capstone.com,85845
52965,52965@capstone.com,52965
44777,44777@capstone.com,44777
92054,92054@capstone.com,92054
88611,88611@capstone.com,88611
63307,63307@capstone.com,63307
69216,69216@capstone.com,69216
17768,17768@capstone.com,17768
73382,73382@capstone.com,73382
26883,26883@capstone.com,26883
97477,97477@capstone.com,97477
11775,11775@capstone.com,11775
49217,49217@capstone.com,49217
55993,55993@capstone.com,55993
32542,32542@capstone.com,32542
26126,26126@capstone.com,26126
39979,39979@capstone.com,39979
49801,49801@capstone.com,49801
12194,12194@capstone.com,12194
23589,23589@capstone.com,23589
85492,85492@capstone.com,85492
93354,93354@capstone.com,93354
79001,79001@capstone.com,79001
89966,89966@capstone.com,89966
45342,45342@capstone.com,45342
67500,67500@capstone.com,67500
13055,13055@capstone.com,13055
37236,37236@capstone.com,37236
82185,82185@capstone.com,82185
17283,17283@capstone.com,17283
65512,65512@capstone.com,65512
43321,43321@capstone.com,43321
74753,74753@capstone.com,74753
70499,70499@capstone.com,70499
59649,59649@capstone.com,59649
18234,18234@capstone.com,18234
97504,97504@capstone.com,97504
72701,72701@capstone.com,72701
25728,25728@capstone.com,25728
76133,76133@capstone.com,76133
30503,30503@capstone.com,30503
17384,17384@capstone.com,17384
92416,92416@capstone.com,92416
25001,25001@capstone.com,25001
35277,35277@capstone.com,35277
22737,22737@capstone.com,22737
16562,16562@capstone.com,16562
95749,95749@capstone.com,95749
68774,68774@capstone.com,68774
39173,39173@capstone.com,39173
21876,21876@capstone.com,21876
55978,55978@capstone.com,55978
77652,77652@capstone.com,77652
30472,30472@capstone.com,30472
39699,39699@capstone.com,39699
20145,20145@capstone.com,20145
52882,52882@capstone.com,52882
15948,15948@capstone.com,15948
42859,42859@capstone.com,42859
98145,98145@capstone.com,98145
69275,69275@capstone.com,69275
41806,41806@capstone.com,41806
79935,79935@capstone.com,79935
74928,74928@capstone.com,74928
83209,83209@capstone.com,83209
92292,92292@capstone.com,92292
94830,94830@capstone.com,94830
15583,15583@capstone.com,15583
38641,38641@capstone.com,38641
42099,42099@capstone.com,42099
42532,42532@capstone.com,42532
77063,77063@capstone.com,77063
39931,39931@capstone.com,39931
57436,57436@capstone.com,57436
13299,13299@capstone.com,13299
94187,94187@capstone.com,94187
17042,17042@capstone.com,17042
55731,55731@capstone.com,55731
28583,28583@capstone.com,28583
43611,43611@capstone.com,43611
49855,49855@capstone.com,49855
26322,26322@capstone.com,26322
52972,52972@capstone.com,52972
35368,35368@capstone.com,35368
87905,87905@capstone.com,87905
57283,57283@capstone.com,57283
20572,20572@capstone.com,20572
41914,41914@capstone.com,41914
79246,79246@capstone.com,79246
61921,61921@capstone.com,61921
65241,65241@capstone.com,65241
17887,17887@capstone.com,17887
90563,90563@capstone.com,90563
48803,48803@capstone.com,48803
22914,22914@capstone.com,22914
49246,49246@capstone.com,49246
87679,87679@capstone.com,87679
24946,24946@capstone.com,24946
27290,27290@capstone.com,27290
69568,69568@capstone.com,69568
32234,32234@capstone.com,32234
41845,41845@capstone.com,41845
94099,94099@capstone.com,94099
65050,65050@capstone.com,65050
79922,79922@capstone.com,79922
52145,52145@capstone.com,52145
27501,27501@capstone.com,27501
49218,49218@capstone.com,49218
91015,91015@capstone.com,91015
81656,81656@capstone.com,81656
78753,78753@capstone.com,78753
33432,33432@capstone.com,33432
32949,32949@capstone.com,32949
57962,57962@capstone.com,57962
18876,18876@capstone.com,18876
57373,57373@capstone.com,57373
70251,70251@capstone.com,70251
68292,68292@capstone.com,68292
69655,69655@capstone.com,69655
30518,30518@capstone.com,30518
34398,34398@capstone.com,34398
87096,87096@capstone.com,87096
45629,45629@capstone.com,45629
29976,29976@capstone.com,29976
41119,41119@capstone.com,41119
33017,33017@capstone.com,33017
15374,15374@capstone.com,15374
88864,88864@capstone.com,88864
10208,10208@capstone.com,10208
11697,11697@capstone.com,11697
57593,57593@capstone.com,57593
75901,75901@capstone.com,75901
19608,19608@capstone.com,19608
18540,18540@capstone.com,18540
28633,28633@capstone.com,28633
86296,86296@capstone.com,86296
55698,55698@capstone.com,55698
78301,78301@capstone.com,78301
15652,15652@capstone.com,15652
14391,14391@capstone.com,14391
88468,88468@capstone.com,88468
19824,19824@capstone.com,19824
66645,66645@capstone.com,66645
69459,69459@capstone.com,69459
20931,20931@capstone.com,20931
98997,98997@capstone.com,98997
38704,38704@capstone.com,38704
72135,72135@capstone.com,72135
19510,19510@capstone.com,19510
49000,49000@capstone.com,49000
95043,95043@capstone.com,95043
19274,19274@capstone.com,19274
28218,28218@capstone.com,28218
53517,53517@capstone.com,53517
14397,14397@capstone.com,14397
98043,98043@capstone.com,98043
97869,97869@capstone.com,97869
97902,97902@capstone.com,97902
69997,69997@capstone.com,69997
96618,96618@capstone.com,96618
40277,40277@capstone.com,40277
34310,34310@capstone.com,34310
22649,22649@capstone.com,22649
69553,69553@capstone.com,69553
20097,20097@capstone.com,20097
81682,81682@capstone.com,81682
51696,51696@capstone.com,51696
82461,82461@capstone.com,82461
17612,17612@capstone.com,17612
42258,42258@capstone.com,42258
38004,38004@capstone.com,38004
85533,85533@capstone.com,85533
82372,82372@capstone.com,82372
56009,56009@capstone.com,56009
59429,59429@capstone.com,59429
19433,19433@capstone.com,19433
37288,37288@capstone.com,37288
28371,28371@capstone.com,28371
59393,59393@capstone.com,59393
82167,82167@capstone.com,82167
60172,60172@capstone.com,60172
33200,33200@capstone.com,33200
61373,61373@capstone.com,61373
63505,63505@capstone.com,63505
33477,33477@capstone.com,33477
92966,92966@capstone.com,92966
48402,48402@capstone.com,48402
62858,62858@capstone.com,62858
56668,56668@capstone.com,56668
82247,82247@capstone.com,82247
91654,91654@capstone.com,91654
22695,22695@capstone.com,22695
54132,54132@capstone.com,54132
33271,33271@capstone.com,33271
28398,28398@capstone.com,28398
91747,91747@capstone.com,91747
67651,67651@capstone.com,67651
50817,50817@capstone.com,50817
83977,83977@capstone.com,83977
43152,43152@capstone.com,43152
81226,81226@capstone.com,81226
11736,11736@capstone.com,11736
84186,84186@capstone.com,84186
82193,82193@capstone.com,82193
46016,46016@capstone.com,46016
20189,20189@capstone.com,20189
64562,64562@capstone.com,64562
49587,49587@capstone.com,49587
63142,63142@capstone.com,63142
31342,31342@capstone.com,31342
38163,38163@capstone.com,38163
60395,60395@capstone.com,60395
21444,21444@capstone.com,21444
34462,34462@capstone.com,34462
53523,53523@capstone.com,53523
86138,86138@capstone.com,86138
55639,55639@capstone.com,55639
66281,66281@capstone.com,66281
43148,43148@capstone.com,43148
67710,67710@capstone.com,67710
51974,51974@capstone.com,51974
42227,42227@capstone.com,42227
60413,60413@capstone.com,60413
20202,20202@capstone.com,20202
99363,99363@capstone.com,99363
77422,77422@capstone.com,77422
79592,79592@capstone.com,79592
56609,56609@capstone.com,56609
33924,33924@capstone.com,33924
95140,95140@capstone.com,95140
98155,98155@capstone.com,98155
24117,24117@capstone.com,24117
17588,17588@capstone.com,17588
23411,23411@capstone.com,23411
79146,79146@capstone.com,79146
12444,12444@capstone.com,12444
33814,33814@capstone.com,33814
37135,37135@capstone.com,37135
89769,89769@capstone.com,89769
64602,64602@capstone.com,64602
25983,25983@capstone.com,25983
11144,11144@capstone.com,11144
50730,50730@capstone.com,50730
75080,75080@capstone.com,75080
75809,75809@capstone.com,75809
41950,41950@capstone.com,41950
33009,33009@capstone.com,33009
15848,15848@capstone.com,15848
31639,31639@capstone.com,31639
28608,28608@capstone.com,28608
96903,96903@capstone.com,96903
47796,47796@capstone.com,47796
75196,75196@capstone.com,75196
99491,99491@capstone.com,99491
90426,90426@capstone.com,90426
45292,45292@capstone.com,45292
52293,52293@capstone.com,52293
77597,77597@capstone.com,77597
24148,24148@capstone.com,24148
66557,66557@capstone.com,66557
70088,70088@capstone.com,70088
96675,96675@capstone.com,96675
91010,91010@capstone.com,91010
63667,63667@capstone.com,63667
21411,21411@capstone.com,21411
86274,86274@capstone.com,86274
21929,21929@capstone.com,21929
82887,82887@capstone.com,82887
39098,39098@capstone.com,39098
66378,66378@capstone.com,66378
22575,22575@capstone.com,22575
49200,49200@capstone.com,49200
35413,35413@capstone.com,35413
63504,63504@capstone.com,63504
70610,70610@capstone.com,70610
54964,54964@capstone.com,54964
98746,98746@capstone.com,98746
79470,79470@capstone.com,79470
49565,49565@capstone.com,49565
50679,50679@capstone.com,50679
77288,77288@capstone.com,77288
74854,74854@capstone.com,74854
20093,20093@capstone.com,20093
74778,74778@capstone.com,74778
55385,55385@capstone.com,55385
77155,77155@capstone.com,77155
43096,43096@capstone.com,43096
45796,45796@capstone.com,45796
65469,65469@capstone.com,65469
53709,53709@capstone.com,53709
27229,27229@capstone.com,27229
51706,51706@capstone.com,51706
50134,50134@capstone.com,50134
23378,23378@capstone.com,23378
81878,81878@capstone.com,81878
99469,99469@capstone.com,99469
40640,40640@capstone.com,40640
67788,67788@capstone.com,67788
76139,76139@capstone.com,76139
26551,26551@capstone.com,26551
61831,61831@capstone.com,61831
77263,77263@capstone.com,77263
63318,63318@capstone.com,63318
33556,33556@capstone.com,33556
64973,64973@capstone.com,64973
63338,63338@capstone.com,63338
63881,63881@capstone.com,63881
81842,81842@capstone.com,81842
98569,98569@capstone.com,98569
87817,87817@capstone.com,87817
29558,29558@capstone.com,29558
30280,30280@capstone.com,30280
70842,70842@capstone.com,70842
15017,15017@capstone.com,15017
45488,45488@capstone.com,45488
20782,20782@capstone.com,20782
75602,75602@capstone.com,75602
47134,47134@capstone.com,47134
95605,95605@capstone.com,95605
62557,62557@capstone.com,62557
39122,39122@capstone.com,39122
17758,17758@capstone.com,17758
24993,24993@capstone.com,24993
72516,72516@capstone.com,72516
22890,22890@capstone.com,22890
92019,92019@capstone.com,92019
30564,30564@capstone.com,30564
68472,68472@capstone.com,68472
36789,36789@capstone.com,36789
69145,69145@capstone.com,69145
86855,86855@capstone.com,86855
88309,88309@capstone.com,88309
76705,76705@capstone.com,76705
34179,34179@capstone.com,34179
52538,52538@capstone.com,52538
99981,99981@capstone.com,99981
79194,79194@capstone.com,79194
48439,48439@capstone.com,48439
38214,38214@capstone.com,38214
34912,34912@capstone.com,34912
43118,43118@capstone.com,43118
93906,93906@capstone.com,93906
75732,75732@capstone.com,75732
10114,10114@capstone.com,10114
42328,42328@capstone.com,42328
98651,98651@capstone.com,98651
49266,49266@capstone.com,49266
16231,16231@capstone.com,16231
86644,86644@capstone.com,86644
92997,92997@capstone.com,92997
20948,20948@capstone.com,20948
63224,63224@capstone.com,63224
88647,88647@capstone.com,88647
72192,72192@capstone.com,72192
89993,89993@capstone.com,89993
70093,70093@capstone.com,70093
46106,46106@capstone.com,46106
77073,77073@capstone.com,77073
63263,63263@capstone.com,63263
64615,64615@capstone.com,64615
46310,46310@capstone.com,46310
29084,29084@capstone.com,29084
32221,32221@capstone.com,32221
95031,95031@capstone.com,95031
14129,14129@capstone.com,14129
94979,94979@capstone.com,94979
88893,88893@capstone.com,88893
11312,11312@capstone.com,11312
12534,12534@capstone.com,12534
84531,84531@capstone.com,84531
54507,54507@capstone.com,54507
43336,43336@capstone.com,43336
64128,64128@capstone.com,64128
16957,16957@capstone.com,16957
98762,98762@capstone.com,98762
75011,75011@capstone.com,75011
23089,23089@capstone.com,23089
79786,79786@capstone.com,79786
86401,86401@capstone.com,86401
98807,98807@capstone.com,98807
18249,18249@capstone.com,18249
68736,68736@capstone.com,68736
16661,16661@capstone.com,16661
98786,98786@capstone.com,98786
68230,68230@capstone.com,68230
72244,72244@capstone.com,72244
92393,92393@capstone.com,92393
15166,15166@capstone.com,15166
82366,82366@capstone.com,82366
11504,11504@capstone.com,11504
11174,11174@capstone.com,11174
89409,89409@capstone.com,89409
76626,76626@capstone.com,76626
96467,96467@capstone.com,96467
27771,27771@capstone.com,27771
38141,38141@capstone.com,38141
25096,25096@capstone.com,25096
96798,96798@capstone.com,96798
65174,65174@capstone.com,65174
52391,52391@capstone.com,52391
34620,34620@capstone.com,34620
51214,51214@capstone.com,51214
81598,81598@capstone.com,81598
97999,97999@capstone.com,97999
49589,49589@capstone.com,49589
40757,40757@capstone.com,40757
94577,94577@capstone.com,94577
60245,60245@capstone.com,60245
28873,28873@capstone.com,28873
21325,21325@capstone.com,21325
16762,16762@capstone.com,16762
98139,98139@capstone.com,98139
36163,36163@capstone.com,36163
94737,94737@capstone.com,94737
99521,99521@capstone.com,99521
82005,82005@capstone.com,82005
55920,55920@capstone.com,55920
68411,68411@capstone.com,68411
58883,58883@capstone.com,58883
73161,73161@capstone.com,73161
97963,97963@capstone.com,97963
95263,95263@capstone.com,95263
83686,83686@capstone.com,83686
27724,27724@capstone.com,27724
46868,46868@capstone.com,46868
13854,13854@capstone.com,13854
11041,11041@capstone.com,11041
26611,26611@capstone.com,26611
74203,74203@capstone.com,74203
66351,66351@capstone.com,66351
10207,10207@capstone.com,10207
21880,21880@capstone.com,21880
39496,39496@capstone.com,39496
58552,58552@capstone.com,58552
19996,19996@capstone.com,19996
16755,16755@capstone.com,16755
36679,36679@capstone.com,36679
95124,95124@capstone.com,95124
72948,72948@capstone.com,72948
99615,99615@capstone.com,99615
35647,35647@capstone.com,35647
68792,68792@capstone.com,68792
52252,52252@capstone.com,52252
56648,56648@capstone.com,56648
70136,70136@capstone.com,70136
36003,36003@capstone.com,36003
44407,44407@capstone.com,44407
26823,26823@capstone.com,26823
23882,23882@capstone.com,23882
36315,36315@capstone.com,36315
35026,35026@capstone.com,35026
64656,64656@capstone.com,64656
44711,44711@capstone.com,44711
73000,73000@capstone.com,73000
10570,10570@capstone.com,10570
33667,33667@capstone.com,33667
62538,62538@capstone.com,62538
18311,18311@capstone.com,18311
82094,82094@capstone.com,82094
31455,31455@capstone.com,31455
88758,88758@capstone.com,88758
81558,81558@capstone.com,81558
34203,34203@capstone.com,34203
89353,89353@capstone.com,89353
33828,33828@capstone.com,33828
18416,18416@capstone.com,18416
57923,57923@capstone.com,57923
39661,39661@capstone.com,39661
17411,17411@capstone.com,17411
64020,64020@capstone.com,64020
63951,63951@capstone.com,63951
54149,54149@capstone.com,54149
33086,33086@capstone.com,33086
12026,12026@capstone.com,12026
66335,66335@capstone.com,66335
28132,28132@capstone.com,28132
53178,53178@capstone.com,53178
89122,89122@capstone.com,89122
18064,18064@capstone.com,18064
37690,37690@capstone.com,37690
19250,19250@capstone.com,19250
63611,63611@capstone.com,63611
65033,65033@capstone.com,65033
49582,49582@capstone.com,49582
77712,77712@capstone.com,77712
44907,44907@capstone.com,44907
50824,50824@capstone.com,50824
33990,33990@capstone.com,33990
29676,29676@capstone.com,29676
20175,20175@capstone.com,20175
81015,81015@capstone.com,81015
92109,92109@capstone.com,92109
35519,35519@capstone.com,35519
55209,55209@capstone.com,55209
46042,46042@capstone.com,46042
92199,92199@capstone.com,92199
79562,79562@capstone.com,79562
50015,50015@capstone.com,50015
34461,34461@capstone.com,34461
28950,28950@capstone.com,28950
37680,37680@capstone.com,37680
71298,71298@capstone.com,71298
98244,98244@capstone.com,98244
82133,82133@capstone.com,82133
24447,24447@capstone.com,24447
50501,50501@capstone.com,50501
65497,65497@capstone.com,65497
71146,71146@capstone.com,71146
70943,70943@capstone.com,70943
16627,16627@capstone.com,16627
93206,93206@capstone.com,93206
67552,67552@capstone.com,67552
43615,43615@capstone.com,43615
54175,54175@capstone.com,54175
21732,21732@capstone.com,21732
60202,60202@capstone.com,60202
10191,10191@capstone.com,10191
61448,61448@capstone.com,61448
31485,31485@capstone.com,31485
91733,91733@capstone.com,91733
68388,68388@capstone.com,68388
64518,64518@capstone.com,64518
90095,90095@capstone.com,90095
74529,74529@capstone.com,74529
45359,45359@capstone.com,45359
42712,42712@capstone.com,42712
95436,95436@capstone.com,95436
53606,53606@capstone.com,53606
96801,96801@capstone.com,96801
25843,25843@capstone.com,25843
85545,85545@capstone.com,85545
44339,44339@capstone.com,44339
13040,13040@capstone.com,13040
88680,88680@capstone.com,88680
41448,41448@capstone.com,41448
37174,37174@capstone.com,37174
10173,10173@capstone.com,10173
26923,26923@capstone.com,26923
22646,22646@capstone.com,22646
52868,52868@capstone.com,52868
98278,98278@capstone.com,98278
82481,82481@capstone.com,82481
20012,20012@capstone.com,20012
95009,95009@capstone.com,95009
57032,57032@capstone.com,57032
57129,57129@capstone.com,57129
94696,94696@capstone.com,94696
65787,65787@capstone.com,65787
56324,56324@capstone.com,56324
51700,51700@capstone.com,51700
48759,48759@capstone.com,48759
91764,91764@capstone.com,91764
96900,96900@capstone.com,96900
10804,10804@capstone.com,10804
13170,13170@capstone.com,13170
78186,78186@capstone.com,78186
11869,11869@capstone.com,11869
75851,75851@capstone.com,75851
53550,53550@capstone.com,53550
18330,18330@capstone.com,18330
19384,19384@capstone.com,19384
13541,13541@capstone.com,13541
15507,15507@capstone.com,15507
54754,54754@capstone.com,54754
65655,65655@capstone.com,65655
60687,60687@capstone.com,60687
66637,66637@capstone.com,66637
20245,20245@capstone.com,20245
26456,26456@capstone.com,26456
11288,11288@capstone.com,11288
84591,84591@capstone.com,84591
42642,42642@capstone.com,42642
82771,82771@capstone.com,82771
13473,13473@capstone.com,13473
16095,16095@capstone.com,16095
77427,77427@capstone.com,77427
